Major,Season,Section,Class Number,Meeting Time,Location,Instructor
,IS 421,Winter 2015-2016,"Section:801
","Section:801
","Meeting time:W5:45PM-9:00PM
","Location:14EAS 00802atLoop Campus
"
,IS 421,Winter 2015-2016,"Section:801
","Section:801
","Meeting time:W5:45PM-9:00PM
","Location:14EAS 00802atLoop Campus
"
,IS 421,Winter 2015-2016,"Section:801
","Section:801
","Meeting time:W5:45PM-9:00PM
","Location:14EAS 00802atLoop Campus
"
,IS 421,Winter 2015-2016,"Section:801
","Section:801
","Meeting time:W5:45PM-9:00PM
","Location:14EAS 00802atLoop Campus
"
,IS 421,Winter 2015-2016,"Section:801
","Section:801
","Meeting time:W5:45PM-9:00PM
","Location:14EAS 00802atLoop Campus
"
,IS 421,Winter 2015-2016,"Section:801
","Section:801
","Meeting time:W5:45PM-9:00PM
","Location:14EAS 00802atLoop Campus
"
,IS 421,Winter 2015-2016,"Section:801
","Section:801
","Meeting time:W5:45PM-9:00PM
","Location:14EAS 00802atLoop Campus
"
,IS 421,Winter 2015-2016,"Section:801
","Section:801
","Meeting time:W5:45PM-9:00PM
","Location:14EAS 00802atLoop Campus
"
,IS 421,Winter 2015-2016,"Section:801
","Section:801
","Meeting time:W5:45PM-9:00PM
","Location:14EAS 00802atLoop Campus
"
,IS 421,Winter 2015-2016,"Section:801
","Section:801
","Meeting time:W5:45PM-9:00PM
","Location:14EAS 00802atLoop Campus
"
,IS 421,Winter 2015-2016,"Section:801
","Section:801
","Meeting time:W5:45PM-9:00PM
","Location:14EAS 00802atLoop Campus
"
,IS 421,Winter 2015-2016,"Section:801
","Section:801
","Meeting time:W5:45PM-9:00PM
","Location:14EAS 00802atLoop Campus
"
,IS 421,Winter 2015-2016,"Section:801
","Section:801
","Meeting time:W5:45PM-9:00PM
","Location:14EAS 00802atLoop Campus
"
,IS 421,Winter 2015-2016,"Section:801
","Section:801
","Meeting time:W5:45PM-9:00PM
","Location:14EAS 00802atLoop Campus
"
,IS 421,Winter 2015-2016,"Section:801
","Section:801
","Meeting time:W5:45PM-9:00PM
","Location:14EAS 00802atLoop Campus
"
,IS 421,Winter 2015-2016,"Section:801
","Section:801
","Meeting time:W5:45PM-9:00PM
","Location:14EAS 00802atLoop Campus
"
,IS 421,Winter 2015-2016,"Section:801
","Section:801
","Meeting time:W5:45PM-9:00PM
","Location:14EAS 00802atLoop Campus
"
,IS 421,Winter 2015-2016,"Section:801
","Section:801
","Meeting time:W5:45PM-9:00PM
","Location:14EAS 00802atLoop Campus
"
,IS 421,Winter 2015-2016,"Section:801
","Section:801
","Meeting time:W5:45PM-9:00PM
","Location:14EAS 00802atLoop Campus
"
,IS 421,Winter 2015-2016,"Section:801
","Section:801
","Meeting time:W5:45PM-9:00PM
","Location:14EAS 00802atLoop Campus
"
,IS 421,Winter 2015-2016,"Section:801
","Section:801
","Meeting time:W5:45PM-9:00PM
","Location:14EAS 00802atLoop Campus
"
,IS 421,Winter 2015-2016,"Section:801
","Section:801
","Meeting time:W5:45PM-9:00PM
","Location:14EAS 00802atLoop Campus
"
,IS 421,Winter 2015-2016,"Section:801
","Section:801
","Meeting time:W5:45PM-9:00PM
","Location:14EAS 00802atLoop Campus
"
,IS 421,Winter 2015-2016,"Section:801
","Section:801
","Meeting time:W5:45PM-9:00PM
","Location:14EAS 00802atLoop Campus
"
,IS 421,Winter 2015-2016,"Section:801
","Section:801
","Meeting time:W5:45PM-9:00PM
","Location:14EAS 00802atLoop Campus
"
,IS 421,Winter 2015-2016,"Section:801
","Section:801
","Meeting time:W5:45PM-9:00PM
","Location:14EAS 00802atLoop Campus
"
,IS 421,Winter 2015-2016,"Section:801
","Section:801
","Meeting time:W5:45PM-9:00PM
","Location:14EAS 00802atLoop Campus
"
,IS 421,Winter 2015-2016,"Section:801
","Section:801
","Meeting time:W5:45PM-9:00PM
","Location:14EAS 00802atLoop Campus
"
,IS 421,Winter 2015-2016,"Section:801
","Section:801
","Meeting time:W5:45PM-9:00PM
","Location:14EAS 00802atLoop Campus
"
,IS 421,Winter 2015-2016,"Section:801
","Section:801
","Meeting time:W5:45PM-9:00PM
","Location:14EAS 00802atLoop Campus
"
,IS 421,Winter 2015-2016,"Section:801
","Section:801
","Meeting time:W5:45PM-9:00PM
","Location:14EAS 00802atLoop Campus
"
,IS 421,Winter 2015-2016,"Section:801
","Section:801
","Meeting time:W5:45PM-9:00PM
","Location:14EAS 00802atLoop Campus
"
,IS 421,Winter 2015-2016,"Section:801
","Section:801
","Meeting time:W5:45PM-9:00PM
","Location:14EAS 00802atLoop Campus
"
,IS 421,Winter 2015-2016,"Section:801
","Section:801
","Meeting time:W5:45PM-9:00PM
","Location:14EAS 00802atLoop Campus
"
,IS 421,Winter 2015-2016,"Section:801
","Section:801
","Meeting time:W5:45PM-9:00PM
","Location:14EAS 00802atLoop Campus
"
,IS 421,Winter 2015-2016,"Section:801
","Section:801
","Meeting time:W5:45PM-9:00PM
","Location:14EAS 00802atLoop Campus
"
,IS 421,Winter 2015-2016,"Section:801
","Section:801
","Meeting time:W5:45PM-9:00PM
","Location:14EAS 00802atLoop Campus
"
,IS 421,Winter 2015-2016,"Section:801
","Section:801
","Meeting time:W5:45PM-9:00PM
","Location:14EAS 00802atLoop Campus
"
,IS 421,Winter 2015-2016,"Section:801
","Section:801
","Meeting time:W5:45PM-9:00PM
","Location:14EAS 00802atLoop Campus
"
,IS 421,Winter 2015-2016,"Section:801
","Section:801
","Meeting time:W5:45PM-9:00PM
","Location:14EAS 00802atLoop Campus
"
,IS 421,Winter 2015-2016,"Section:801
","Section:801
","Meeting time:W5:45PM-9:00PM
","Location:14EAS 00802atLoop Campus
"
,IS 421,Winter 2015-2016,"Section:801
","Section:801
","Meeting time:W5:45PM-9:00PM
","Location:14EAS 00802atLoop Campus
"
,IS 421,Winter 2015-2016,"Section:801
","Section:801
","Meeting time:W5:45PM-9:00PM
","Location:14EAS 00802atLoop Campus
"
,IS 421,Winter 2015-2016,"Section:801
","Section:801
","Meeting time:W5:45PM-9:00PM
","Location:14EAS 00802atLoop Campus
"
,IS 421,Winter 2015-2016,"Section:801
","Section:801
","Meeting time:W5:45PM-9:00PM
","Location:14EAS 00802atLoop Campus
"
,IS 421,Winter 2015-2016,"Section:801
","Section:801
","Meeting time:W5:45PM-9:00PM
","Location:14EAS 00802atLoop Campus
"
,PM 430,Winter 2015-2016,"Section:801
","Section:801
","Meeting time:M5:45PM-9:00PM
","Location:LEWIS 01107atLoop Campus
"
,PM 430,Winter 2015-2016,"Section:801
","Section:801
","Meeting time:M5:45PM-9:00PM
","Location:LEWIS 01107atLoop Campus
"
,PM 430,Winter 2015-2016,"Section:801
","Section:801
","Meeting time:M5:45PM-9:00PM
","Location:LEWIS 01107atLoop Campus
"
,PM 430,Winter 2015-2016,"Section:801
","Section:801
","Meeting time:M5:45PM-9:00PM
","Location:LEWIS 01107atLoop Campus
"
,PM 430,Winter 2015-2016,"Section:801
","Section:801
","Meeting time:M5:45PM-9:00PM
","Location:LEWIS 01107atLoop Campus
"
,PM 430,Winter 2015-2016,"Section:801
","Section:801
","Meeting time:M5:45PM-9:00PM
","Location:LEWIS 01107atLoop Campus
"
,PM 430,Winter 2015-2016,"Section:801
","Section:801
","Meeting time:M5:45PM-9:00PM
","Location:LEWIS 01107atLoop Campus
"
,PM 430,Winter 2015-2016,"Section:801
","Section:801
","Meeting time:M5:45PM-9:00PM
","Location:LEWIS 01107atLoop Campus
"
,PM 430,Winter 2015-2016,"Section:801
","Section:801
","Meeting time:M5:45PM-9:00PM
","Location:LEWIS 01107atLoop Campus
"
,PM 430,Winter 2015-2016,"Section:801
","Section:801
","Meeting time:M5:45PM-9:00PM
","Location:LEWIS 01107atLoop Campus
"
,PM 430,Winter 2015-2016,"Section:801
","Section:801
","Meeting time:M5:45PM-9:00PM
","Location:LEWIS 01107atLoop Campus
"
,PM 430,Winter 2015-2016,"Section:801
","Section:801
","Meeting time:M5:45PM-9:00PM
","Location:LEWIS 01107atLoop Campus
"
,PM 430,Winter 2015-2016,"Section:801
","Section:801
","Meeting time:M5:45PM-9:00PM
","Location:LEWIS 01107atLoop Campus
"
,PM 430,Winter 2015-2016,"Section:801
","Section:801
","Meeting time:M5:45PM-9:00PM
","Location:LEWIS 01107atLoop Campus
"
,PM 430,Winter 2015-2016,"Section:801
","Section:801
","Meeting time:M5:45PM-9:00PM
","Location:LEWIS 01107atLoop Campus
"
,PM 430,Winter 2015-2016,"Section:801
","Section:801
","Meeting time:M5:45PM-9:00PM
","Location:LEWIS 01107atLoop Campus
"
,PM 430,Winter 2015-2016,"Section:801
","Section:801
","Meeting time:M5:45PM-9:00PM
","Location:LEWIS 01107atLoop Campus
"
,PM 430,Winter 2015-2016,"Section:801
","Section:801
","Meeting time:M5:45PM-9:00PM
","Location:LEWIS 01107atLoop Campus
"
,PM 430,Winter 2015-2016,"Section:801
","Section:801
","Meeting time:M5:45PM-9:00PM
","Location:LEWIS 01107atLoop Campus
"
,PM 430,Winter 2015-2016,"Section:801
","Section:801
","Meeting time:M5:45PM-9:00PM
","Location:LEWIS 01107atLoop Campus
"
,PM 430,Winter 2015-2016,"Section:801
","Section:801
","Meeting time:M5:45PM-9:00PM
","Location:LEWIS 01107atLoop Campus
"
,PM 430,Winter 2015-2016,"Section:801
","Section:801
","Meeting time:M5:45PM-9:00PM
","Location:LEWIS 01107atLoop Campus
"
,PM 430,Winter 2015-2016,"Section:801
","Section:801
","Meeting time:M5:45PM-9:00PM
","Location:LEWIS 01107atLoop Campus
"
,PM 430,Winter 2015-2016,"Section:801
","Section:801
","Meeting time:M5:45PM-9:00PM
","Location:LEWIS 01107atLoop Campus
"
,PM 430,Winter 2015-2016,"Section:801
","Section:801
","Meeting time:M5:45PM-9:00PM
","Location:LEWIS 01107atLoop Campus
"
,PM 430,Winter 2015-2016,"Section:801
","Section:801
","Meeting time:M5:45PM-9:00PM
","Location:LEWIS 01107atLoop Campus
"
,PM 430,Winter 2015-2016,"Section:801
","Section:801
","Meeting time:M5:45PM-9:00PM
","Location:LEWIS 01107atLoop Campus
"
,PM 430,Winter 2015-2016,"Section:801
","Section:801
","Meeting time:M5:45PM-9:00PM
","Location:LEWIS 01107atLoop Campus
"
,PM 430,Winter 2015-2016,"Section:801
","Section:801
","Meeting time:M5:45PM-9:00PM
","Location:LEWIS 01107atLoop Campus
"
,PM 430,Winter 2015-2016,"Section:801
","Section:801
","Meeting time:M5:45PM-9:00PM
","Location:LEWIS 01107atLoop Campus
"
,PM 430,Winter 2015-2016,"Section:801
","Section:801
","Meeting time:M5:45PM-9:00PM
","Location:LEWIS 01107atLoop Campus
"
,PM 430,Winter 2015-2016,"Section:801
","Section:801
","Meeting time:M5:45PM-9:00PM
","Location:LEWIS 01107atLoop Campus
"
,PM 430,Winter 2015-2016,"Section:801
","Section:801
","Meeting time:M5:45PM-9:00PM
","Location:LEWIS 01107atLoop Campus
"
,PM 430,Winter 2015-2016,"Section:801
","Section:801
","Meeting time:M5:45PM-9:00PM
","Location:LEWIS 01107atLoop Campus
"
,PM 430,Winter 2015-2016,"Section:801
","Section:801
","Meeting time:M5:45PM-9:00PM
","Location:LEWIS 01107atLoop Campus
"
,PM 430,Winter 2015-2016,"Section:801
","Section:801
","Meeting time:M5:45PM-9:00PM
","Location:LEWIS 01107atLoop Campus
"
,PM 430,Winter 2015-2016,"Section:801
","Section:801
","Meeting time:M5:45PM-9:00PM
","Location:LEWIS 01107atLoop Campus
"
,PM 430,Winter 2015-2016,"Section:801
","Section:801
","Meeting time:M5:45PM-9:00PM
","Location:LEWIS 01107atLoop Campus
"
,PM 430,Winter 2015-2016,"Section:801
","Section:801
","Meeting time:M5:45PM-9:00PM
","Location:LEWIS 01107atLoop Campus
"
,PM 430,Winter 2015-2016,"Section:801
","Section:801
","Meeting time:M5:45PM-9:00PM
","Location:LEWIS 01107atLoop Campus
"
,PM 430,Winter 2015-2016,"Section:801
","Section:801
","Meeting time:M5:45PM-9:00PM
","Location:LEWIS 01107atLoop Campus
"
,PM 430,Winter 2015-2016,"Section:801
","Section:801
","Meeting time:M5:45PM-9:00PM
","Location:LEWIS 01107atLoop Campus
"
,PM 430,Winter 2015-2016,"Section:801
","Section:801
","Meeting time:M5:45PM-9:00PM
","Location:LEWIS 01107atLoop Campus
"
,PM 430,Winter 2015-2016,"Section:801
","Section:801
","Meeting time:M5:45PM-9:00PM
","Location:LEWIS 01107atLoop Campus
"
,PM 430,Winter 2015-2016,"Section:801
","Section:801
","Meeting time:M5:45PM-9:00PM
","Location:LEWIS 01107atLoop Campus
"
,PM 430,Winter 2015-2016,"Section:801
","Section:801
","Meeting time:M5:45PM-9:00PM
","Location:LEWIS 01107atLoop Campus
"
,PM 430,Winter 2015-2016,"Section:801
","Section:801
","Meeting time:M5:45PM-9:00PM
","Location:LEWIS 01107atLoop Campus
"
,PM 430,Winter 2015-2016,"Section:801
","Section:801
","Meeting time:M5:45PM-9:00PM
","Location:LEWIS 01107atLoop Campus
"
,CNS 440,Winter 2015-2016,"Section:801
","Section:801
","Meeting time:M5:45PM-9:00PM
","Location:LEWIS 01514atLoop Campus
"
,CNS 440,Winter 2015-2016,"Section:801
","Section:801
","Meeting time:M5:45PM-9:00PM
","Location:LEWIS 01514atLoop Campus
"
,CNS 440,Winter 2015-2016,"Section:801
","Section:801
","Meeting time:M5:45PM-9:00PM
","Location:LEWIS 01514atLoop Campus
"
,CNS 440,Winter 2015-2016,"Section:801
","Section:801
","Meeting time:M5:45PM-9:00PM
","Location:LEWIS 01514atLoop Campus
"
,CNS 440,Winter 2015-2016,"Section:801
","Section:801
","Meeting time:M5:45PM-9:00PM
","Location:LEWIS 01514atLoop Campus
"
,CNS 440,Winter 2015-2016,"Section:801
","Section:801
","Meeting time:M5:45PM-9:00PM
","Location:LEWIS 01514atLoop Campus
"
,CNS 440,Winter 2015-2016,"Section:801
","Section:801
","Meeting time:M5:45PM-9:00PM
","Location:LEWIS 01514atLoop Campus
"
,CNS 440,Winter 2015-2016,"Section:801
","Section:801
","Meeting time:M5:45PM-9:00PM
","Location:LEWIS 01514atLoop Campus
"
,CNS 440,Winter 2015-2016,"Section:801
","Section:801
","Meeting time:M5:45PM-9:00PM
","Location:LEWIS 01514atLoop Campus
"
,CNS 440,Winter 2015-2016,"Section:801
","Section:801
","Meeting time:M5:45PM-9:00PM
","Location:LEWIS 01514atLoop Campus
"
,CNS 440,Winter 2015-2016,"Section:801
","Section:801
","Meeting time:M5:45PM-9:00PM
","Location:LEWIS 01514atLoop Campus
"
,CNS 440,Winter 2015-2016,"Section:801
","Section:801
","Meeting time:M5:45PM-9:00PM
","Location:LEWIS 01514atLoop Campus
"
,CNS 440,Winter 2015-2016,"Section:801
","Section:801
","Meeting time:M5:45PM-9:00PM
","Location:LEWIS 01514atLoop Campus
"
,CNS 440,Winter 2015-2016,"Section:801
","Section:801
","Meeting time:M5:45PM-9:00PM
","Location:LEWIS 01514atLoop Campus
"
,CNS 440,Winter 2015-2016,"Section:801
","Section:801
","Meeting time:M5:45PM-9:00PM
","Location:LEWIS 01514atLoop Campus
"
,CNS 440,Winter 2015-2016,"Section:801
","Section:801
","Meeting time:M5:45PM-9:00PM
","Location:LEWIS 01514atLoop Campus
"
,CNS 440,Winter 2015-2016,"Section:801
","Section:801
","Meeting time:M5:45PM-9:00PM
","Location:LEWIS 01514atLoop Campus
"
,CNS 440,Winter 2015-2016,"Section:801
","Section:801
","Meeting time:M5:45PM-9:00PM
","Location:LEWIS 01514atLoop Campus
"
,CNS 440,Winter 2015-2016,"Section:801
","Section:801
","Meeting time:M5:45PM-9:00PM
","Location:LEWIS 01514atLoop Campus
"
,CNS 440,Winter 2015-2016,"Section:801
","Section:801
","Meeting time:M5:45PM-9:00PM
","Location:LEWIS 01514atLoop Campus
"
,CNS 440,Winter 2015-2016,"Section:801
","Section:801
","Meeting time:M5:45PM-9:00PM
","Location:LEWIS 01514atLoop Campus
"
,CNS 440,Winter 2015-2016,"Section:801
","Section:801
","Meeting time:M5:45PM-9:00PM
","Location:LEWIS 01514atLoop Campus
"
,ECT 424,Winter 2015-2016,"Section:801
","Section:801
","Meeting time:W5:45PM-9:00PM
","Location:CDM 00224atLoop Campus
"
,ECT 424,Winter 2015-2016,"Section:801
","Section:801
","Meeting time:W5:45PM-9:00PM
","Location:CDM 00224atLoop Campus
"
,ECT 424,Winter 2015-2016,"Section:801
","Section:801
","Meeting time:W5:45PM-9:00PM
","Location:CDM 00224atLoop Campus
"
,ECT 424,Winter 2015-2016,"Section:801
","Section:801
","Meeting time:W5:45PM-9:00PM
","Location:CDM 00224atLoop Campus
"
,ECT 424,Winter 2015-2016,"Section:801
","Section:801
","Meeting time:W5:45PM-9:00PM
","Location:CDM 00224atLoop Campus
"
,ECT 424,Winter 2015-2016,"Section:801
","Section:801
","Meeting time:W5:45PM-9:00PM
","Location:CDM 00224atLoop Campus
"
,ECT 424,Winter 2015-2016,"Section:801
","Section:801
","Meeting time:W5:45PM-9:00PM
","Location:CDM 00224atLoop Campus
"
,ECT 424,Winter 2015-2016,"Section:801
","Section:801
","Meeting time:W5:45PM-9:00PM
","Location:CDM 00224atLoop Campus
"
,ECT 424,Winter 2015-2016,"Section:801
","Section:801
","Meeting time:W5:45PM-9:00PM
","Location:CDM 00224atLoop Campus
"
,ECT 424,Winter 2015-2016,"Section:801
","Section:801
","Meeting time:W5:45PM-9:00PM
","Location:CDM 00224atLoop Campus
"
,ECT 424,Winter 2015-2016,"Section:801
","Section:801
","Meeting time:W5:45PM-9:00PM
","Location:CDM 00224atLoop Campus
"
,ECT 424,Winter 2015-2016,"Section:801
","Section:801
","Meeting time:W5:45PM-9:00PM
","Location:CDM 00224atLoop Campus
"
,ECT 424,Winter 2015-2016,"Section:801
","Section:801
","Meeting time:W5:45PM-9:00PM
","Location:CDM 00224atLoop Campus
"
,ECT 424,Winter 2015-2016,"Section:801
","Section:801
","Meeting time:W5:45PM-9:00PM
","Location:CDM 00224atLoop Campus
"
,ECT 424,Winter 2015-2016,"Section:801
","Section:801
","Meeting time:W5:45PM-9:00PM
","Location:CDM 00224atLoop Campus
"
,ECT 424,Winter 2015-2016,"Section:801
","Section:801
","Meeting time:W5:45PM-9:00PM
","Location:CDM 00224atLoop Campus
"
,ECT 424,Winter 2015-2016,"Section:801
","Section:801
","Meeting time:W5:45PM-9:00PM
","Location:CDM 00224atLoop Campus
"
,ECT 424,Winter 2015-2016,"Section:801
","Section:801
","Meeting time:W5:45PM-9:00PM
","Location:CDM 00224atLoop Campus
"
,ECT 424,Winter 2015-2016,"Section:801
","Section:801
","Meeting time:W5:45PM-9:00PM
","Location:CDM 00224atLoop Campus
"
,ECT 424,Winter 2015-2016,"Section:801
","Section:801
","Meeting time:W5:45PM-9:00PM
","Location:CDM 00224atLoop Campus
"
,ECT 424,Winter 2015-2016,"Section:801
","Section:801
","Meeting time:W5:45PM-9:00PM
","Location:CDM 00224atLoop Campus
"
,ECT 424,Winter 2015-2016,"Section:801
","Section:801
","Meeting time:W5:45PM-9:00PM
","Location:CDM 00224atLoop Campus
"
,ECT 424,Winter 2015-2016,"Section:801
","Section:801
","Meeting time:W5:45PM-9:00PM
","Location:CDM 00224atLoop Campus
"
,ECT 424,Winter 2015-2016,"Section:801
","Section:801
","Meeting time:W5:45PM-9:00PM
","Location:CDM 00224atLoop Campus
"
,ECT 424,Winter 2015-2016,"Section:801
","Section:801
","Meeting time:W5:45PM-9:00PM
","Location:CDM 00224atLoop Campus
"
,ECT 424,Winter 2015-2016,"Section:801
","Section:801
","Meeting time:W5:45PM-9:00PM
","Location:CDM 00224atLoop Campus
"
,ECT 424,Winter 2015-2016,"Section:801
","Section:801
","Meeting time:W5:45PM-9:00PM
","Location:CDM 00224atLoop Campus
"
,ECT 424,Winter 2015-2016,"Section:801
","Section:801
","Meeting time:W5:45PM-9:00PM
","Location:CDM 00224atLoop Campus
"
,ECT 424,Winter 2015-2016,"Section:801
","Section:801
","Meeting time:W5:45PM-9:00PM
","Location:CDM 00224atLoop Campus
"
,ECT 424,Winter 2015-2016,"Section:801
","Section:801
","Meeting time:W5:45PM-9:00PM
","Location:CDM 00224atLoop Campus
"
,ECT 424,Winter 2015-2016,"Section:801
","Section:801
","Meeting time:W5:45PM-9:00PM
","Location:CDM 00224atLoop Campus
"
,ECT 424,Winter 2015-2016,"Section:801
","Section:801
","Meeting time:W5:45PM-9:00PM
","Location:CDM 00224atLoop Campus
"
,ECT 424,Winter 2015-2016,"Section:801
","Section:801
","Meeting time:W5:45PM-9:00PM
","Location:CDM 00224atLoop Campus
"
,ECT 424,Winter 2015-2016,"Section:801
","Section:801
","Meeting time:W5:45PM-9:00PM
","Location:CDM 00224atLoop Campus
"
,ECT 424,Winter 2015-2016,"Section:801
","Section:801
","Meeting time:W5:45PM-9:00PM
","Location:CDM 00224atLoop Campus
"
,ECT 424,Winter 2015-2016,"Section:801
","Section:801
","Meeting time:W5:45PM-9:00PM
","Location:CDM 00224atLoop Campus
"
,ECT 424,Winter 2015-2016,"Section:801
","Section:801
","Meeting time:W5:45PM-9:00PM
","Location:CDM 00224atLoop Campus
"
,ECT 424,Winter 2015-2016,"Section:801
","Section:801
","Meeting time:W5:45PM-9:00PM
","Location:CDM 00224atLoop Campus
"
,ECT 424,Winter 2015-2016,"Section:801
","Section:801
","Meeting time:W5:45PM-9:00PM
","Location:CDM 00224atLoop Campus
"
,ECT 424,Winter 2015-2016,"Section:801
","Section:801
","Meeting time:W5:45PM-9:00PM
","Location:CDM 00224atLoop Campus
"
,ECT 424,Winter 2015-2016,"Section:801
","Section:801
","Meeting time:W5:45PM-9:00PM
","Location:CDM 00224atLoop Campus
"
,ECT 424,Winter 2015-2016,"Section:801
","Section:801
","Meeting time:W5:45PM-9:00PM
","Location:CDM 00224atLoop Campus
"
,ECT 424,Winter 2015-2016,"Section:801
","Section:801
","Meeting time:W5:45PM-9:00PM
","Location:CDM 00224atLoop Campus
"
,ECT 424,Winter 2015-2016,"Section:801
","Section:801
","Meeting time:W5:45PM-9:00PM
","Location:CDM 00224atLoop Campus
"
,ECT 424,Winter 2015-2016,"Section:801
","Section:801
","Meeting time:W5:45PM-9:00PM
","Location:CDM 00224atLoop Campus
"
,ECT 424,Winter 2015-2016,"Section:801
","Section:801
","Meeting time:W5:45PM-9:00PM
","Location:CDM 00224atLoop Campus
"
,ECT 424,Winter 2015-2016,"Section:801
","Section:801
","Meeting time:W5:45PM-9:00PM
","Location:CDM 00224atLoop Campus
"
,HCI 440,Winter 2015-2016,"Section:801
","Section:801
","Meeting time:M5:45PM-9:00PM
","Location:LEWIS 01507atLoop Campus
"
,HCI 440,Winter 2015-2016,"Section:801
","Section:801
","Meeting time:M5:45PM-9:00PM
","Location:LEWIS 01507atLoop Campus
"
,HCI 440,Winter 2015-2016,"Section:801
","Section:801
","Meeting time:M5:45PM-9:00PM
","Location:LEWIS 01507atLoop Campus
"
,HCI 440,Winter 2015-2016,"Section:801
","Section:801
","Meeting time:M5:45PM-9:00PM
","Location:LEWIS 01507atLoop Campus
"
,HCI 440,Winter 2015-2016,"Section:801
","Section:801
","Meeting time:M5:45PM-9:00PM
","Location:LEWIS 01507atLoop Campus
"
,HCI 440,Winter 2015-2016,"Section:801
","Section:801
","Meeting time:M5:45PM-9:00PM
","Location:LEWIS 01507atLoop Campus
"
,HCI 440,Winter 2015-2016,"Section:801
","Section:801
","Meeting time:M5:45PM-9:00PM
","Location:LEWIS 01507atLoop Campus
"
,HCI 440,Winter 2015-2016,"Section:801
","Section:801
","Meeting time:M5:45PM-9:00PM
","Location:LEWIS 01507atLoop Campus
"
,HCI 440,Winter 2015-2016,"Section:801
","Section:801
","Meeting time:M5:45PM-9:00PM
","Location:LEWIS 01507atLoop Campus
"
,HCI 440,Winter 2015-2016,"Section:801
","Section:801
","Meeting time:M5:45PM-9:00PM
","Location:LEWIS 01507atLoop Campus
"
,HCI 440,Winter 2015-2016,"Section:801
","Section:801
","Meeting time:M5:45PM-9:00PM
","Location:LEWIS 01507atLoop Campus
"
,HCI 440,Winter 2015-2016,"Section:801
","Section:801
","Meeting time:M5:45PM-9:00PM
","Location:LEWIS 01507atLoop Campus
"
,HCI 440,Winter 2015-2016,"Section:801
","Section:801
","Meeting time:M5:45PM-9:00PM
","Location:LEWIS 01507atLoop Campus
"
,HCI 440,Winter 2015-2016,"Section:801
","Section:801
","Meeting time:M5:45PM-9:00PM
","Location:LEWIS 01507atLoop Campus
"
,HCI 440,Winter 2015-2016,"Section:801
","Section:801
","Meeting time:M5:45PM-9:00PM
","Location:LEWIS 01507atLoop Campus
"
,HCI 440,Winter 2015-2016,"Section:801
","Section:801
","Meeting time:M5:45PM-9:00PM
","Location:LEWIS 01507atLoop Campus
"
,HCI 440,Winter 2015-2016,"Section:801
","Section:801
","Meeting time:M5:45PM-9:00PM
","Location:LEWIS 01507atLoop Campus
"
,HCI 440,Winter 2015-2016,"Section:801
","Section:801
","Meeting time:M5:45PM-9:00PM
","Location:LEWIS 01507atLoop Campus
"
,HCI 440,Winter 2015-2016,"Section:801
","Section:801
","Meeting time:M5:45PM-9:00PM
","Location:LEWIS 01507atLoop Campus
"
,HCI 440,Winter 2015-2016,"Section:801
","Section:801
","Meeting time:M5:45PM-9:00PM
","Location:LEWIS 01507atLoop Campus
"
,HCI 440,Winter 2015-2016,"Section:801
","Section:801
","Meeting time:M5:45PM-9:00PM
","Location:LEWIS 01507atLoop Campus
"
,HCI 440,Winter 2015-2016,"Section:801
","Section:801
","Meeting time:M5:45PM-9:00PM
","Location:LEWIS 01507atLoop Campus
"
,HCI 440,Winter 2015-2016,"Section:801
","Section:801
","Meeting time:M5:45PM-9:00PM
","Location:LEWIS 01507atLoop Campus
"
,HCI 440,Winter 2015-2016,"Section:801
","Section:801
","Meeting time:M5:45PM-9:00PM
","Location:LEWIS 01507atLoop Campus
"
,HCI 440,Winter 2015-2016,"Section:801
","Section:801
","Meeting time:M5:45PM-9:00PM
","Location:LEWIS 01507atLoop Campus
"
,HCI 440,Winter 2015-2016,"Section:801
","Section:801
","Meeting time:M5:45PM-9:00PM
","Location:LEWIS 01507atLoop Campus
"
,HCI 440,Winter 2015-2016,"Section:801
","Section:801
","Meeting time:M5:45PM-9:00PM
","Location:LEWIS 01507atLoop Campus
"
,HCI 440,Winter 2015-2016,"Section:801
","Section:801
","Meeting time:M5:45PM-9:00PM
","Location:LEWIS 01507atLoop Campus
"
,HCI 440,Winter 2015-2016,"Section:801
","Section:801
","Meeting time:M5:45PM-9:00PM
","Location:LEWIS 01507atLoop Campus
"
,HCI 440,Winter 2015-2016,"Section:801
","Section:801
","Meeting time:M5:45PM-9:00PM
","Location:LEWIS 01507atLoop Campus
"
,HCI 440,Winter 2015-2016,"Section:801
","Section:801
","Meeting time:M5:45PM-9:00PM
","Location:LEWIS 01507atLoop Campus
"
,HCI 440,Winter 2015-2016,"Section:801
","Section:801
","Meeting time:M5:45PM-9:00PM
","Location:LEWIS 01507atLoop Campus
"
,HCI 440,Winter 2015-2016,"Section:801
","Section:801
","Meeting time:M5:45PM-9:00PM
","Location:LEWIS 01507atLoop Campus
"
,HCI 440,Winter 2015-2016,"Section:801
","Section:801
","Meeting time:M5:45PM-9:00PM
","Location:LEWIS 01507atLoop Campus
"
,HCI 440,Winter 2015-2016,"Section:801
","Section:801
","Meeting time:M5:45PM-9:00PM
","Location:LEWIS 01507atLoop Campus
"
,HCI 440,Winter 2015-2016,"Section:801
","Section:801
","Meeting time:M5:45PM-9:00PM
","Location:LEWIS 01507atLoop Campus
"
,HCI 440,Winter 2015-2016,"Section:801
","Section:801
","Meeting time:M5:45PM-9:00PM
","Location:LEWIS 01507atLoop Campus
"
,HCI 440,Winter 2015-2016,"Section:801
","Section:801
","Meeting time:M5:45PM-9:00PM
","Location:LEWIS 01507atLoop Campus
"
,HCI 440,Winter 2015-2016,"Section:801
","Section:801
","Meeting time:M5:45PM-9:00PM
","Location:LEWIS 01507atLoop Campus
"
,HCI 440,Winter 2015-2016,"Section:801
","Section:801
","Meeting time:M5:45PM-9:00PM
","Location:LEWIS 01507atLoop Campus
"
,HCI 440,Winter 2015-2016,"Section:801
","Section:801
","Meeting time:M5:45PM-9:00PM
","Location:LEWIS 01507atLoop Campus
"
,HCI 440,Winter 2015-2016,"Section:801
","Section:801
","Meeting time:M5:45PM-9:00PM
","Location:LEWIS 01507atLoop Campus
"
,HCI 440,Winter 2015-2016,"Section:801
","Section:801
","Meeting time:M5:45PM-9:00PM
","Location:LEWIS 01507atLoop Campus
"
,HCI 440,Winter 2015-2016,"Section:801
","Section:801
","Meeting time:M5:45PM-9:00PM
","Location:LEWIS 01507atLoop Campus
"
,HCI 440,Winter 2015-2016,"Section:801
","Section:801
","Meeting time:M5:45PM-9:00PM
","Location:LEWIS 01507atLoop Campus
"
,HCI 440,Winter 2015-2016,"Section:801
","Section:801
","Meeting time:M5:45PM-9:00PM
","Location:LEWIS 01507atLoop Campus
"
,MGT 504,Winter 2015-2016,"Section:201
","Section:201
","Meeting time:Tu6:00PM-9:15PM
","Location:N/AatLoop Campus
"
,MGT 504,Winter 2015-2016,"Section:201
","Section:201
","Meeting time:Tu6:00PM-9:15PM
","Location:N/AatLoop Campus
"
,MGT 504,Winter 2015-2016,"Section:201
","Section:201
","Meeting time:Tu6:00PM-9:15PM
","Location:N/AatLoop Campus
"
,MGT 504,Winter 2015-2016,"Section:201
","Section:201
","Meeting time:Tu6:00PM-9:15PM
","Location:N/AatLoop Campus
"
,MGT 504,Winter 2015-2016,"Section:201
","Section:201
","Meeting time:Tu6:00PM-9:15PM
","Location:N/AatLoop Campus
"
,MGT 504,Winter 2015-2016,"Section:201
","Section:201
","Meeting time:Tu6:00PM-9:15PM
","Location:N/AatLoop Campus
"
,MGT 504,Winter 2015-2016,"Section:201
","Section:201
","Meeting time:Tu6:00PM-9:15PM
","Location:N/AatLoop Campus
"
,MGT 504,Winter 2015-2016,"Section:201
","Section:201
","Meeting time:Tu6:00PM-9:15PM
","Location:N/AatLoop Campus
"
,MGT 504,Winter 2015-2016,"Section:201
","Section:201
","Meeting time:Tu6:00PM-9:15PM
","Location:N/AatLoop Campus
"
,MGT 504,Winter 2015-2016,"Section:201
","Section:201
","Meeting time:Tu6:00PM-9:15PM
","Location:N/AatLoop Campus
"
,MGT 504,Winter 2015-2016,"Section:201
","Section:201
","Meeting time:Tu6:00PM-9:15PM
","Location:N/AatLoop Campus
"
,MGT 554,Winter 2015-2016,"Section:201
","Section:201
","Meeting time:Tu6:00PM-9:15PM
","Location:N/AatLoop Campus
"
,MGT 554,Winter 2015-2016,"Section:201
","Section:201
","Meeting time:Tu6:00PM-9:15PM
","Location:N/AatLoop Campus
"
,MGT 554,Winter 2015-2016,"Section:201
","Section:201
","Meeting time:Tu6:00PM-9:15PM
","Location:N/AatLoop Campus
"
,MGT 554,Winter 2015-2016,"Section:201
","Section:201
","Meeting time:Tu6:00PM-9:15PM
","Location:N/AatLoop Campus
"
,MGT 554,Winter 2015-2016,"Section:201
","Section:201
","Meeting time:Tu6:00PM-9:15PM
","Location:N/AatLoop Campus
"
,MGT 554,Winter 2015-2016,"Section:201
","Section:201
","Meeting time:Tu6:00PM-9:15PM
","Location:N/AatLoop Campus
"
,MGT 554,Winter 2015-2016,"Section:201
","Section:201
","Meeting time:Tu6:00PM-9:15PM
","Location:N/AatLoop Campus
"
,MGT 554,Winter 2015-2016,"Section:201
","Section:201
","Meeting time:Tu6:00PM-9:15PM
","Location:N/AatLoop Campus
"
,MGT 554,Winter 2015-2016,"Section:201
","Section:201
","Meeting time:Tu6:00PM-9:15PM
","Location:N/AatLoop Campus
"
,MGT 554,Winter 2015-2016,"Section:201
","Section:201
","Meeting time:Tu6:00PM-9:15PM
","Location:N/AatLoop Campus
"
,MGT 554,Winter 2015-2016,"Section:201
","Section:201
","Meeting time:Tu6:00PM-9:15PM
","Location:N/AatLoop Campus
"
,MGT 554,Winter 2015-2016,"Section:201
","Section:201
","Meeting time:Tu6:00PM-9:15PM
","Location:N/AatLoop Campus
"
,MGT 554,Winter 2015-2016,"Section:201
","Section:201
","Meeting time:Tu6:00PM-9:15PM
","Location:N/AatLoop Campus
"
,MGT 554,Winter 2015-2016,"Section:201
","Section:201
","Meeting time:Tu6:00PM-9:15PM
","Location:N/AatLoop Campus
"
,ACC 500,Winter 2015-2016,"Section:202
","Section:202
","Meeting time:Th5:45PM-9:00PM
","Location:N/AatLoop Campus
"
,ACC 500,Winter 2015-2016,"Section:202
","Section:202
","Meeting time:Th5:45PM-9:00PM
","Location:N/AatLoop Campus
"
,ACC 500,Winter 2015-2016,"Section:202
","Section:202
","Meeting time:Th5:45PM-9:00PM
","Location:N/AatLoop Campus
"
,ACC 500,Winter 2015-2016,"Section:202
","Section:202
","Meeting time:Th5:45PM-9:00PM
","Location:N/AatLoop Campus
"
,ACC 500,Winter 2015-2016,"Section:202
","Section:202
","Meeting time:Th5:45PM-9:00PM
","Location:N/AatLoop Campus
"
,ACC 500,Winter 2015-2016,"Section:202
","Section:202
","Meeting time:Th5:45PM-9:00PM
","Location:N/AatLoop Campus
"
,ACC 500,Winter 2015-2016,"Section:202
","Section:202
","Meeting time:Th5:45PM-9:00PM
","Location:N/AatLoop Campus
"
,ACC 500,Winter 2015-2016,"Section:202
","Section:202
","Meeting time:Th5:45PM-9:00PM
","Location:N/AatLoop Campus
"
,ACC 500,Winter 2015-2016,"Section:202
","Section:202
","Meeting time:Th5:45PM-9:00PM
","Location:N/AatLoop Campus
"
,ACC 500,Winter 2015-2016,"Section:202
","Section:202
","Meeting time:Th5:45PM-9:00PM
","Location:N/AatLoop Campus
"
,ACC 500,Winter 2015-2016,"Section:202
","Section:202
","Meeting time:Th5:45PM-9:00PM
","Location:N/AatLoop Campus
"
,ACC 500,Winter 2015-2016,"Section:202
","Section:202
","Meeting time:Th5:45PM-9:00PM
","Location:N/AatLoop Campus
"
,ACC 500,Winter 2015-2016,"Section:202
","Section:202
","Meeting time:Th5:45PM-9:00PM
","Location:N/AatLoop Campus
"
,ACC 500,Winter 2015-2016,"Section:202
","Section:202
","Meeting time:Th5:45PM-9:00PM
","Location:N/AatLoop Campus
"
,ACC 500,Winter 2015-2016,"Section:202
","Section:202
","Meeting time:Th5:45PM-9:00PM
","Location:N/AatLoop Campus
"
,ACC 500,Winter 2015-2016,"Section:202
","Section:202
","Meeting time:Th5:45PM-9:00PM
","Location:N/AatLoop Campus
"
,ACC 500,Winter 2015-2016,"Section:202
","Section:202
","Meeting time:Th5:45PM-9:00PM
","Location:N/AatLoop Campus
"
,ACC 500,Winter 2015-2016,"Section:202
","Section:202
","Meeting time:Th5:45PM-9:00PM
","Location:N/AatLoop Campus
"
,ACC 500,Winter 2015-2016,"Section:202
","Section:202
","Meeting time:Th5:45PM-9:00PM
","Location:N/AatLoop Campus
"
,ACC 500,Winter 2015-2016,"Section:202
","Section:202
","Meeting time:Th5:45PM-9:00PM
","Location:N/AatLoop Campus
"
,ACC 500,Winter 2015-2016,"Section:202
","Section:202
","Meeting time:Th5:45PM-9:00PM
","Location:N/AatLoop Campus
"
,ACC 500,Winter 2015-2016,"Section:202
","Section:202
","Meeting time:Th5:45PM-9:00PM
","Location:N/AatLoop Campus
"
,ACC 500,Winter 2015-2016,"Section:202
","Section:202
","Meeting time:Th5:45PM-9:00PM
","Location:N/AatLoop Campus
"
,ACC 500,Winter 2015-2016,"Section:202
","Section:202
","Meeting time:Th5:45PM-9:00PM
","Location:N/AatLoop Campus
"
,ACC 500,Winter 2015-2016,"Section:202
","Section:202
","Meeting time:Th5:45PM-9:00PM
","Location:N/AatLoop Campus
"
,ACC 500,Winter 2015-2016,"Section:202
","Section:202
","Meeting time:Th5:45PM-9:00PM
","Location:N/AatLoop Campus
"
,ACC 500,Winter 2015-2016,"Section:202
","Section:202
","Meeting time:Th5:45PM-9:00PM
","Location:N/AatLoop Campus
"
,ACC 500,Winter 2015-2016,"Section:202
","Section:202
","Meeting time:Th5:45PM-9:00PM
","Location:N/AatLoop Campus
"
,ACC 500,Winter 2015-2016,"Section:202
","Section:202
","Meeting time:Th5:45PM-9:00PM
","Location:N/AatLoop Campus
"
,ACC 500,Winter 2015-2016,"Section:202
","Section:202
","Meeting time:Th5:45PM-9:00PM
","Location:N/AatLoop Campus
"
,ACC 500,Winter 2015-2016,"Section:202
","Section:202
","Meeting time:Th5:45PM-9:00PM
","Location:N/AatLoop Campus
"
,ACC 500,Winter 2015-2016,"Section:202
","Section:202
","Meeting time:Th5:45PM-9:00PM
","Location:N/AatLoop Campus
"
,ACC 500,Winter 2015-2016,"Section:202
","Section:202
","Meeting time:Th5:45PM-9:00PM
","Location:N/AatLoop Campus
"
,ACC 500,Winter 2015-2016,"Section:202
","Section:202
","Meeting time:Th5:45PM-9:00PM
","Location:N/AatLoop Campus
"
,ACC 500,Winter 2015-2016,"Section:202
","Section:202
","Meeting time:Th5:45PM-9:00PM
","Location:N/AatLoop Campus
"
,ACC 500,Winter 2015-2016,"Section:202
","Section:202
","Meeting time:Th5:45PM-9:00PM
","Location:N/AatLoop Campus
"
,ACC 500,Winter 2015-2016,"Section:202
","Section:202
","Meeting time:Th5:45PM-9:00PM
","Location:N/AatLoop Campus
"
,ACC 500,Winter 2015-2016,"Section:202
","Section:202
","Meeting time:Th5:45PM-9:00PM
","Location:N/AatLoop Campus
"
,ACC 500,Winter 2015-2016,"Section:202
","Section:202
","Meeting time:Th5:45PM-9:00PM
","Location:N/AatLoop Campus
"
,ACC 500,Winter 2015-2016,"Section:202
","Section:202
","Meeting time:Th5:45PM-9:00PM
","Location:N/AatLoop Campus
"
,ACC 500,Winter 2015-2016,"Section:202
","Section:202
","Meeting time:Th5:45PM-9:00PM
","Location:N/AatLoop Campus
"
,ACC 500,Winter 2015-2016,"Section:202
","Section:202
","Meeting time:Th5:45PM-9:00PM
","Location:N/AatLoop Campus
"
,ACC 500,Winter 2015-2016,"Section:202
","Section:202
","Meeting time:Th5:45PM-9:00PM
","Location:N/AatLoop Campus
"
,ACC 500,Winter 2015-2016,"Section:202
","Section:202
","Meeting time:Th5:45PM-9:00PM
","Location:N/AatLoop Campus
"
,ACC 500,Winter 2015-2016,"Section:202
","Section:202
","Meeting time:Th5:45PM-9:00PM
","Location:N/AatLoop Campus
"
,ACC 500,Winter 2015-2016,"Section:202
","Section:202
","Meeting time:Th5:45PM-9:00PM
","Location:N/AatLoop Campus
"
,ACC 500,Winter 2015-2016,"Section:202
","Section:202
","Meeting time:Th5:45PM-9:00PM
","Location:N/AatLoop Campus
"
,ACC 500,Winter 2015-2016,"Section:202
","Section:202
","Meeting time:Th5:45PM-9:00PM
","Location:N/AatLoop Campus
"
,ACC 500,Winter 2015-2016,"Section:202
","Section:202
","Meeting time:Th5:45PM-9:00PM
","Location:N/AatLoop Campus
"
,ACC 500,Winter 2015-2016,"Section:202
","Section:202
","Meeting time:Th5:45PM-9:00PM
","Location:N/AatLoop Campus
"
,ACC 500,Winter 2015-2016,"Section:202
","Section:202
","Meeting time:Th5:45PM-9:00PM
","Location:N/AatLoop Campus
"
,ACC 500,Winter 2015-2016,"Section:202
","Section:202
","Meeting time:Th5:45PM-9:00PM
","Location:N/AatLoop Campus
"
,ACC 500,Winter 2015-2016,"Section:202
","Section:202
","Meeting time:Th5:45PM-9:00PM
","Location:N/AatLoop Campus
"
,ACC 500,Winter 2015-2016,"Section:202
","Section:202
","Meeting time:Th5:45PM-9:00PM
","Location:N/AatLoop Campus
"
,ACC 500,Winter 2015-2016,"Section:202
","Section:202
","Meeting time:Th5:45PM-9:00PM
","Location:N/AatLoop Campus
"
,ACC 500,Winter 2015-2016,"Section:202
","Section:202
","Meeting time:Th5:45PM-9:00PM
","Location:N/AatLoop Campus
"
,ACC 500,Winter 2015-2016,"Section:202
","Section:202
","Meeting time:Th5:45PM-9:00PM
","Location:N/AatLoop Campus
"
,ACC 500,Winter 2015-2016,"Section:202
","Section:202
","Meeting time:Th5:45PM-9:00PM
","Location:N/AatLoop Campus
"
,ACC 500,Winter 2015-2016,"Section:202
","Section:202
","Meeting time:Th5:45PM-9:00PM
","Location:N/AatLoop Campus
"
,ACC 500,Winter 2015-2016,"Section:202
","Section:202
","Meeting time:Th5:45PM-9:00PM
","Location:N/AatLoop Campus
"
,ACC 500,Winter 2015-2016,"Section:202
","Section:202
","Meeting time:Th5:45PM-9:00PM
","Location:N/AatLoop Campus
"
,ACC 500,Winter 2015-2016,"Section:202
","Section:202
","Meeting time:Th5:45PM-9:00PM
","Location:N/AatLoop Campus
"
,ACC 500,Winter 2015-2016,"Section:202
","Section:202
","Meeting time:Th5:45PM-9:00PM
","Location:N/AatLoop Campus
"
,ACC 500,Winter 2015-2016,"Section:202
","Section:202
","Meeting time:Th5:45PM-9:00PM
","Location:N/AatLoop Campus
"
,ACC 500,Winter 2015-2016,"Section:202
","Section:202
","Meeting time:Th5:45PM-9:00PM
","Location:N/AatLoop Campus
"
,ACC 500,Winter 2015-2016,"Section:202
","Section:202
","Meeting time:Th5:45PM-9:00PM
","Location:N/AatLoop Campus
"
,ACC 500,Winter 2015-2016,"Section:202
","Section:202
","Meeting time:Th5:45PM-9:00PM
","Location:N/AatLoop Campus
"
,ACC 500,Winter 2015-2016,"Section:202
","Section:202
","Meeting time:Th5:45PM-9:00PM
","Location:N/AatLoop Campus
"
,ACC 500,Winter 2015-2016,"Section:202
","Section:202
","Meeting time:Th5:45PM-9:00PM
","Location:N/AatLoop Campus
"
,ACC 500,Winter 2015-2016,"Section:202
","Section:202
","Meeting time:Th5:45PM-9:00PM
","Location:N/AatLoop Campus
"
,ACC 500,Winter 2015-2016,"Section:202
","Section:202
","Meeting time:Th5:45PM-9:00PM
","Location:N/AatLoop Campus
"
,ACC 500,Winter 2015-2016,"Section:202
","Section:202
","Meeting time:Th5:45PM-9:00PM
","Location:N/AatLoop Campus
"
,ACC 500,Winter 2015-2016,"Section:202
","Section:202
","Meeting time:Th5:45PM-9:00PM
","Location:N/AatLoop Campus
"
,MKT 555,Winter 2015-2016,"Section:201
","Section:201
","Meeting time:M5:45PM-9:00PM
","Location:N/AatLoop Campus
"
,MKT 555,Winter 2015-2016,"Section:201
","Section:201
","Meeting time:M5:45PM-9:00PM
","Location:N/AatLoop Campus
"
,MKT 555,Winter 2015-2016,"Section:201
","Section:201
","Meeting time:M5:45PM-9:00PM
","Location:N/AatLoop Campus
"
,MKT 555,Winter 2015-2016,"Section:201
","Section:201
","Meeting time:M5:45PM-9:00PM
","Location:N/AatLoop Campus
"
,MKT 555,Winter 2015-2016,"Section:201
","Section:201
","Meeting time:M5:45PM-9:00PM
","Location:N/AatLoop Campus
"
,MKT 555,Winter 2015-2016,"Section:201
","Section:201
","Meeting time:M5:45PM-9:00PM
","Location:N/AatLoop Campus
"
,MKT 555,Winter 2015-2016,"Section:201
","Section:201
","Meeting time:M5:45PM-9:00PM
","Location:N/AatLoop Campus
"
,MKT 555,Winter 2015-2016,"Section:201
","Section:201
","Meeting time:M5:45PM-9:00PM
","Location:N/AatLoop Campus
"
,MKT 555,Winter 2015-2016,"Section:201
","Section:201
","Meeting time:M5:45PM-9:00PM
","Location:N/AatLoop Campus
"
,MKT 555,Winter 2015-2016,"Section:201
","Section:201
","Meeting time:M5:45PM-9:00PM
","Location:N/AatLoop Campus
"
,MKT 555,Winter 2015-2016,"Section:201
","Section:201
","Meeting time:M5:45PM-9:00PM
","Location:N/AatLoop Campus
"
,MKT 555,Winter 2015-2016,"Section:201
","Section:201
","Meeting time:M5:45PM-9:00PM
","Location:N/AatLoop Campus
"
,MKT 555,Winter 2015-2016,"Section:201
","Section:201
","Meeting time:M5:45PM-9:00PM
","Location:N/AatLoop Campus
"
,MKT 555,Winter 2015-2016,"Section:201
","Section:201
","Meeting time:M5:45PM-9:00PM
","Location:N/AatLoop Campus
"
,MKT 555,Winter 2015-2016,"Section:201
","Section:201
","Meeting time:M5:45PM-9:00PM
","Location:N/AatLoop Campus
"
,MKT 555,Winter 2015-2016,"Section:201
","Section:201
","Meeting time:M5:45PM-9:00PM
","Location:N/AatLoop Campus
"
,MKT 555,Winter 2015-2016,"Section:201
","Section:201
","Meeting time:M5:45PM-9:00PM
","Location:N/AatLoop Campus
"
,MKT 555,Winter 2015-2016,"Section:201
","Section:201
","Meeting time:M5:45PM-9:00PM
","Location:N/AatLoop Campus
"
,MKT 555,Winter 2015-2016,"Section:201
","Section:201
","Meeting time:M5:45PM-9:00PM
","Location:N/AatLoop Campus
"
,MKT 555,Winter 2015-2016,"Section:201
","Section:201
","Meeting time:M5:45PM-9:00PM
","Location:N/AatLoop Campus
"
,MKT 555,Winter 2015-2016,"Section:201
","Section:201
","Meeting time:M5:45PM-9:00PM
","Location:N/AatLoop Campus
"
,MKT 555,Winter 2015-2016,"Section:201
","Section:201
","Meeting time:M5:45PM-9:00PM
","Location:N/AatLoop Campus
"
,MKT 555,Winter 2015-2016,"Section:201
","Section:201
","Meeting time:M5:45PM-9:00PM
","Location:N/AatLoop Campus
"
,MKT 555,Winter 2015-2016,"Section:201
","Section:201
","Meeting time:M5:45PM-9:00PM
","Location:N/AatLoop Campus
"
,MKT 555,Winter 2015-2016,"Section:201
","Section:201
","Meeting time:M5:45PM-9:00PM
","Location:N/AatLoop Campus
"
,MKT 555,Winter 2015-2016,"Section:201
","Section:201
","Meeting time:M5:45PM-9:00PM
","Location:N/AatLoop Campus
"
,MKT 555,Winter 2015-2016,"Section:201
","Section:201
","Meeting time:M5:45PM-9:00PM
","Location:N/AatLoop Campus
"
,MKT 555,Winter 2015-2016,"Section:201
","Section:201
","Meeting time:M5:45PM-9:00PM
","Location:N/AatLoop Campus
"
,MKT 555,Winter 2015-2016,"Section:201
","Section:201
","Meeting time:M5:45PM-9:00PM
","Location:N/AatLoop Campus
"
,MKT 555,Winter 2015-2016,"Section:201
","Section:201
","Meeting time:M5:45PM-9:00PM
","Location:N/AatLoop Campus
"
,MKT 555,Winter 2015-2016,"Section:201
","Section:201
","Meeting time:M5:45PM-9:00PM
","Location:N/AatLoop Campus
"
,MKT 555,Winter 2015-2016,"Section:201
","Section:201
","Meeting time:M5:45PM-9:00PM
","Location:N/AatLoop Campus
"
,MKT 555,Winter 2015-2016,"Section:201
","Section:201
","Meeting time:M5:45PM-9:00PM
","Location:N/AatLoop Campus
"
,MKT 555,Winter 2015-2016,"Section:201
","Section:201
","Meeting time:M5:45PM-9:00PM
","Location:N/AatLoop Campus
"
,MKT 555,Winter 2015-2016,"Section:201
","Section:201
","Meeting time:M5:45PM-9:00PM
","Location:N/AatLoop Campus
"
,MKT 555,Winter 2015-2016,"Section:201
","Section:201
","Meeting time:M5:45PM-9:00PM
","Location:N/AatLoop Campus
"
,MKT 555,Winter 2015-2016,"Section:201
","Section:201
","Meeting time:M5:45PM-9:00PM
","Location:N/AatLoop Campus
"
,MKT 555,Winter 2015-2016,"Section:201
","Section:201
","Meeting time:M5:45PM-9:00PM
","Location:N/AatLoop Campus
"
,MKT 555,Winter 2015-2016,"Section:201
","Section:201
","Meeting time:M5:45PM-9:00PM
","Location:N/AatLoop Campus
"
,MKT 555,Winter 2015-2016,"Section:201
","Section:201
","Meeting time:M5:45PM-9:00PM
","Location:N/AatLoop Campus
"
,MKT 555,Winter 2015-2016,"Section:201
","Section:201
","Meeting time:M5:45PM-9:00PM
","Location:N/AatLoop Campus
"
,MKT 555,Winter 2015-2016,"Section:201
","Section:201
","Meeting time:M5:45PM-9:00PM
","Location:N/AatLoop Campus
"
,MKT 555,Winter 2015-2016,"Section:201
","Section:201
","Meeting time:M5:45PM-9:00PM
","Location:N/AatLoop Campus
"
,MKT 555,Winter 2015-2016,"Section:201
","Section:201
","Meeting time:M5:45PM-9:00PM
","Location:N/AatLoop Campus
"
,MKT 555,Winter 2015-2016,"Section:201
","Section:201
","Meeting time:M5:45PM-9:00PM
","Location:N/AatLoop Campus
"
,MKT 555,Winter 2015-2016,"Section:201
","Section:201
","Meeting time:M5:45PM-9:00PM
","Location:N/AatLoop Campus
"
,MKT 555,Winter 2015-2016,"Section:201
","Section:201
","Meeting time:M5:45PM-9:00PM
","Location:N/AatLoop Campus
"
,MKT 555,Winter 2015-2016,"Section:201
","Section:201
","Meeting time:M5:45PM-9:00PM
","Location:N/AatLoop Campus
"
,MKT 555,Winter 2015-2016,"Section:201
","Section:201
","Meeting time:M5:45PM-9:00PM
","Location:N/AatLoop Campus
"
,MKT 555,Winter 2015-2016,"Section:201
","Section:201
","Meeting time:M5:45PM-9:00PM
","Location:N/AatLoop Campus
"
,MKT 555,Winter 2015-2016,"Section:201
","Section:201
","Meeting time:M5:45PM-9:00PM
","Location:N/AatLoop Campus
"
,MKT 555,Winter 2015-2016,"Section:201
","Section:201
","Meeting time:M5:45PM-9:00PM
","Location:N/AatLoop Campus
"
,MKT 555,Winter 2015-2016,"Section:201
","Section:201
","Meeting time:M5:45PM-9:00PM
","Location:N/AatLoop Campus
"
,MKT 555,Winter 2015-2016,"Section:201
","Section:201
","Meeting time:M5:45PM-9:00PM
","Location:N/AatLoop Campus
"
,MKT 555,Winter 2015-2016,"Section:201
","Section:201
","Meeting time:M5:45PM-9:00PM
","Location:N/AatLoop Campus
"
,MKT 555,Winter 2015-2016,"Section:201
","Section:201
","Meeting time:M5:45PM-9:00PM
","Location:N/AatLoop Campus
"
,MKT 555,Winter 2015-2016,"Section:201
","Section:201
","Meeting time:M5:45PM-9:00PM
","Location:N/AatLoop Campus
"
,MKT 555,Winter 2015-2016,"Section:201
","Section:201
","Meeting time:M5:45PM-9:00PM
","Location:N/AatLoop Campus
"
,MKT 555,Winter 2015-2016,"Section:201
","Section:201
","Meeting time:M5:45PM-9:00PM
","Location:N/AatLoop Campus
"
,MKT 555,Winter 2015-2016,"Section:201
","Section:201
","Meeting time:M5:45PM-9:00PM
","Location:N/AatLoop Campus
"
,MKT 555,Winter 2015-2016,"Section:201
","Section:201
","Meeting time:M5:45PM-9:00PM
","Location:N/AatLoop Campus
"
,MKT 555,Winter 2015-2016,"Section:201
","Section:201
","Meeting time:M5:45PM-9:00PM
","Location:N/AatLoop Campus
"
,MKT 555,Winter 2015-2016,"Section:201
","Section:201
","Meeting time:M5:45PM-9:00PM
","Location:N/AatLoop Campus
"
,MKT 555,Winter 2015-2016,"Section:201
","Section:201
","Meeting time:M5:45PM-9:00PM
","Location:N/AatLoop Campus
"
,MKT 555,Winter 2015-2016,"Section:201
","Section:201
","Meeting time:M5:45PM-9:00PM
","Location:N/AatLoop Campus
"
,MKT 555,Winter 2015-2016,"Section:201
","Section:201
","Meeting time:M5:45PM-9:00PM
","Location:N/AatLoop Campus
"
,MKT 555,Winter 2015-2016,"Section:201
","Section:201
","Meeting time:M5:45PM-9:00PM
","Location:N/AatLoop Campus
"
,MKT 555,Winter 2015-2016,"Section:201
","Section:201
","Meeting time:M5:45PM-9:00PM
","Location:N/AatLoop Campus
"
,MKT 555,Winter 2015-2016,"Section:201
","Section:201
","Meeting time:M5:45PM-9:00PM
","Location:N/AatLoop Campus
"
,MKT 555,Winter 2015-2016,"Section:201
","Section:201
","Meeting time:M5:45PM-9:00PM
","Location:N/AatLoop Campus
"
,MKT 555,Winter 2015-2016,"Section:201
","Section:201
","Meeting time:M5:45PM-9:00PM
","Location:N/AatLoop Campus
"
,MKT 555,Winter 2015-2016,"Section:201
","Section:201
","Meeting time:M5:45PM-9:00PM
","Location:N/AatLoop Campus
"
,MKT 555,Winter 2015-2016,"Section:201
","Section:201
","Meeting time:M5:45PM-9:00PM
","Location:N/AatLoop Campus
"
,MKT 555,Winter 2015-2016,"Section:201
","Section:201
","Meeting time:M5:45PM-9:00PM
","Location:N/AatLoop Campus
"
,MKT 555,Winter 2015-2016,"Section:201
","Section:201
","Meeting time:M5:45PM-9:00PM
","Location:N/AatLoop Campus
"
,MKT 555,Winter 2015-2016,"Section:201
","Section:201
","Meeting time:M5:45PM-9:00PM
","Location:N/AatLoop Campus
"
,MKT 555,Winter 2015-2016,"Section:201
","Section:201
","Meeting time:M5:45PM-9:00PM
","Location:N/AatLoop Campus
"
,MKT 555,Winter 2015-2016,"Section:201
","Section:201
","Meeting time:M5:45PM-9:00PM
","Location:N/AatLoop Campus
"
,MKT 555,Winter 2015-2016,"Section:201
","Section:201
","Meeting time:M5:45PM-9:00PM
","Location:N/AatLoop Campus
"
,MKT 555,Winter 2015-2016,"Section:201
","Section:201
","Meeting time:M5:45PM-9:00PM
","Location:N/AatLoop Campus
"
,MKT 555,Winter 2015-2016,"Section:201
","Section:201
","Meeting time:M5:45PM-9:00PM
","Location:N/AatLoop Campus
"
,MKT 555,Winter 2015-2016,"Section:201
","Section:201
","Meeting time:M5:45PM-9:00PM
","Location:N/AatLoop Campus
"
,MKT 555,Winter 2015-2016,"Section:201
","Section:201
","Meeting time:M5:45PM-9:00PM
","Location:N/AatLoop Campus
"
,MKT 555,Winter 2015-2016,"Section:201
","Section:201
","Meeting time:M5:45PM-9:00PM
","Location:N/AatLoop Campus
"
,MKT 555,Winter 2015-2016,"Section:201
","Section:201
","Meeting time:M5:45PM-9:00PM
","Location:N/AatLoop Campus
"
,MKT 555,Winter 2015-2016,"Section:201
","Section:201
","Meeting time:M5:45PM-9:00PM
","Location:N/AatLoop Campus
"
,MKT 555,Winter 2015-2016,"Section:201
","Section:201
","Meeting time:M5:45PM-9:00PM
","Location:N/AatLoop Campus
"
,MKT 555,Winter 2015-2016,"Section:201
","Section:201
","Meeting time:M5:45PM-9:00PM
","Location:N/AatLoop Campus
"
,MKT 555,Winter 2015-2016,"Section:201
","Section:201
","Meeting time:M5:45PM-9:00PM
","Location:N/AatLoop Campus
"
,MKT 555,Winter 2015-2016,"Section:201
","Section:201
","Meeting time:M5:45PM-9:00PM
","Location:N/AatLoop Campus
"
,MKT 555,Winter 2015-2016,"Section:201
","Section:201
","Meeting time:M5:45PM-9:00PM
","Location:N/AatLoop Campus
"
,MKT 555,Winter 2015-2016,"Section:201
","Section:201
","Meeting time:M5:45PM-9:00PM
","Location:N/AatLoop Campus
"
,MKT 555,Winter 2015-2016,"Section:201
","Section:201
","Meeting time:M5:45PM-9:00PM
","Location:N/AatLoop Campus
"
,MGT 500,Winter 2015-2016,"Section:201
","Section:201
","Meeting time:W6:00PM-9:15PM
","Location:N/AatLoop Campus
"
,MGT 500,Winter 2015-2016,"Section:201
","Section:201
","Meeting time:W6:00PM-9:15PM
","Location:N/AatLoop Campus
"
,MGT 500,Winter 2015-2016,"Section:201
","Section:201
","Meeting time:W6:00PM-9:15PM
","Location:N/AatLoop Campus
"
,MGT 500,Winter 2015-2016,"Section:201
","Section:201
","Meeting time:W6:00PM-9:15PM
","Location:N/AatLoop Campus
"
,MGT 500,Winter 2015-2016,"Section:201
","Section:201
","Meeting time:W6:00PM-9:15PM
","Location:N/AatLoop Campus
"
,MGT 500,Winter 2015-2016,"Section:201
","Section:201
","Meeting time:W6:00PM-9:15PM
","Location:N/AatLoop Campus
"
,MGT 500,Winter 2015-2016,"Section:201
","Section:201
","Meeting time:W6:00PM-9:15PM
","Location:N/AatLoop Campus
"
,MGT 500,Winter 2015-2016,"Section:201
","Section:201
","Meeting time:W6:00PM-9:15PM
","Location:N/AatLoop Campus
"
,MGT 500,Winter 2015-2016,"Section:201
","Section:201
","Meeting time:W6:00PM-9:15PM
","Location:N/AatLoop Campus
"
,MGT 500,Winter 2015-2016,"Section:201
","Section:201
","Meeting time:W6:00PM-9:15PM
","Location:N/AatLoop Campus
"
,MGT 500,Winter 2015-2016,"Section:201
","Section:201
","Meeting time:W6:00PM-9:15PM
","Location:N/AatLoop Campus
"
,MGT 500,Winter 2015-2016,"Section:201
","Section:201
","Meeting time:W6:00PM-9:15PM
","Location:N/AatLoop Campus
"
,MGT 500,Winter 2015-2016,"Section:201
","Section:201
","Meeting time:W6:00PM-9:15PM
","Location:N/AatLoop Campus
"
,MGT 500,Winter 2015-2016,"Section:201
","Section:201
","Meeting time:W6:00PM-9:15PM
","Location:N/AatLoop Campus
"
,MGT 500,Winter 2015-2016,"Section:201
","Section:201
","Meeting time:W6:00PM-9:15PM
","Location:N/AatLoop Campus
"
,MGT 500,Winter 2015-2016,"Section:201
","Section:201
","Meeting time:W6:00PM-9:15PM
","Location:N/AatLoop Campus
"
,MGT 500,Winter 2015-2016,"Section:201
","Section:201
","Meeting time:W6:00PM-9:15PM
","Location:N/AatLoop Campus
"
,MGT 500,Winter 2015-2016,"Section:201
","Section:201
","Meeting time:W6:00PM-9:15PM
","Location:N/AatLoop Campus
"
,MGT 500,Winter 2015-2016,"Section:201
","Section:201
","Meeting time:W6:00PM-9:15PM
","Location:N/AatLoop Campus
"
,MGT 500,Winter 2015-2016,"Section:201
","Section:201
","Meeting time:W6:00PM-9:15PM
","Location:N/AatLoop Campus
"
,MGT 500,Winter 2015-2016,"Section:201
","Section:201
","Meeting time:W6:00PM-9:15PM
","Location:N/AatLoop Campus
"
,MGT 500,Winter 2015-2016,"Section:201
","Section:201
","Meeting time:W6:00PM-9:15PM
","Location:N/AatLoop Campus
"
,MGT 500,Winter 2015-2016,"Section:201
","Section:201
","Meeting time:W6:00PM-9:15PM
","Location:N/AatLoop Campus
"
,MGT 500,Winter 2015-2016,"Section:201
","Section:201
","Meeting time:W6:00PM-9:15PM
","Location:N/AatLoop Campus
"
,MGT 500,Winter 2015-2016,"Section:201
","Section:201
","Meeting time:W6:00PM-9:15PM
","Location:N/AatLoop Campus
"
,MGT 500,Winter 2015-2016,"Section:201
","Section:201
","Meeting time:W6:00PM-9:15PM
","Location:N/AatLoop Campus
"
,MGT 500,Winter 2015-2016,"Section:201
","Section:201
","Meeting time:W6:00PM-9:15PM
","Location:N/AatLoop Campus
"
,MGT 500,Winter 2015-2016,"Section:201
","Section:201
","Meeting time:W6:00PM-9:15PM
","Location:N/AatLoop Campus
"
,MGT 500,Winter 2015-2016,"Section:201
","Section:201
","Meeting time:W6:00PM-9:15PM
","Location:N/AatLoop Campus
"
,MGT 500,Winter 2015-2016,"Section:201
","Section:201
","Meeting time:W6:00PM-9:15PM
","Location:N/AatLoop Campus
"
,MGT 500,Winter 2015-2016,"Section:201
","Section:201
","Meeting time:W6:00PM-9:15PM
","Location:N/AatLoop Campus
"
,MGT 500,Winter 2015-2016,"Section:201
","Section:201
","Meeting time:W6:00PM-9:15PM
","Location:N/AatLoop Campus
"
,MGT 500,Winter 2015-2016,"Section:201
","Section:201
","Meeting time:W6:00PM-9:15PM
","Location:N/AatLoop Campus
"
,MGT 500,Winter 2015-2016,"Section:201
","Section:201
","Meeting time:W6:00PM-9:15PM
","Location:N/AatLoop Campus
"
,MGT 500,Winter 2015-2016,"Section:201
","Section:201
","Meeting time:W6:00PM-9:15PM
","Location:N/AatLoop Campus
"
,MGT 500,Winter 2015-2016,"Section:201
","Section:201
","Meeting time:W6:00PM-9:15PM
","Location:N/AatLoop Campus
"
,MGT 500,Winter 2015-2016,"Section:201
","Section:201
","Meeting time:W6:00PM-9:15PM
","Location:N/AatLoop Campus
"
,MGT 500,Winter 2015-2016,"Section:201
","Section:201
","Meeting time:W6:00PM-9:15PM
","Location:N/AatLoop Campus
"
,MGT 500,Winter 2015-2016,"Section:201
","Section:201
","Meeting time:W6:00PM-9:15PM
","Location:N/AatLoop Campus
"
,MGT 500,Winter 2015-2016,"Section:201
","Section:201
","Meeting time:W6:00PM-9:15PM
","Location:N/AatLoop Campus
"
,MGT 500,Winter 2015-2016,"Section:201
","Section:201
","Meeting time:W6:00PM-9:15PM
","Location:N/AatLoop Campus
"
,MGT 500,Winter 2015-2016,"Section:201
","Section:201
","Meeting time:W6:00PM-9:15PM
","Location:N/AatLoop Campus
"
,MGT 500,Winter 2015-2016,"Section:201
","Section:201
","Meeting time:W6:00PM-9:15PM
","Location:N/AatLoop Campus
"
,MGT 500,Winter 2015-2016,"Section:201
","Section:201
","Meeting time:W6:00PM-9:15PM
","Location:N/AatLoop Campus
"
,MGT 500,Winter 2015-2016,"Section:201
","Section:201
","Meeting time:W6:00PM-9:15PM
","Location:N/AatLoop Campus
"
,MGT 500,Winter 2015-2016,"Section:201
","Section:201
","Meeting time:W6:00PM-9:15PM
","Location:N/AatLoop Campus
"
,MGT 500,Winter 2015-2016,"Section:201
","Section:201
","Meeting time:W6:00PM-9:15PM
","Location:N/AatLoop Campus
"
,MGT 500,Winter 2015-2016,"Section:201
","Section:201
","Meeting time:W6:00PM-9:15PM
","Location:N/AatLoop Campus
"
,MGT 500,Winter 2015-2016,"Section:201
","Section:201
","Meeting time:W6:00PM-9:15PM
","Location:N/AatLoop Campus
"
,MGT 500,Winter 2015-2016,"Section:201
","Section:201
","Meeting time:W6:00PM-9:15PM
","Location:N/AatLoop Campus
"
,MGT 500,Winter 2015-2016,"Section:201
","Section:201
","Meeting time:W6:00PM-9:15PM
","Location:N/AatLoop Campus
"
,MGT 500,Winter 2015-2016,"Section:201
","Section:201
","Meeting time:W6:00PM-9:15PM
","Location:N/AatLoop Campus
"
,MGT 500,Winter 2015-2016,"Section:201
","Section:201
","Meeting time:W6:00PM-9:15PM
","Location:N/AatLoop Campus
"
,MGT 500,Winter 2015-2016,"Section:201
","Section:201
","Meeting time:W6:00PM-9:15PM
","Location:N/AatLoop Campus
"
,MGT 500,Winter 2015-2016,"Section:201
","Section:201
","Meeting time:W6:00PM-9:15PM
","Location:N/AatLoop Campus
"
,MGT 500,Winter 2015-2016,"Section:201
","Section:201
","Meeting time:W6:00PM-9:15PM
","Location:N/AatLoop Campus
"
,MGT 500,Winter 2015-2016,"Section:201
","Section:201
","Meeting time:W6:00PM-9:15PM
","Location:N/AatLoop Campus
"
,MGT 500,Winter 2015-2016,"Section:201
","Section:201
","Meeting time:W6:00PM-9:15PM
","Location:N/AatLoop Campus
"
,MGT 500,Winter 2015-2016,"Section:201
","Section:201
","Meeting time:W6:00PM-9:15PM
","Location:N/AatLoop Campus
"
,MGT 500,Winter 2015-2016,"Section:201
","Section:201
","Meeting time:W6:00PM-9:15PM
","Location:N/AatLoop Campus
"
,MGT 500,Winter 2015-2016,"Section:201
","Section:201
","Meeting time:W6:00PM-9:15PM
","Location:N/AatLoop Campus
"
,MGT 500,Winter 2015-2016,"Section:201
","Section:201
","Meeting time:W6:00PM-9:15PM
","Location:N/AatLoop Campus
"
,MGT 500,Winter 2015-2016,"Section:201
","Section:201
","Meeting time:W6:00PM-9:15PM
","Location:N/AatLoop Campus
"
,MGT 500,Winter 2015-2016,"Section:201
","Section:201
","Meeting time:W6:00PM-9:15PM
","Location:N/AatLoop Campus
"
,MGT 500,Winter 2015-2016,"Section:201
","Section:201
","Meeting time:W6:00PM-9:15PM
","Location:N/AatLoop Campus
"
,MGT 500,Winter 2015-2016,"Section:201
","Section:201
","Meeting time:W6:00PM-9:15PM
","Location:N/AatLoop Campus
"
,MGT 500,Winter 2015-2016,"Section:201
","Section:201
","Meeting time:W6:00PM-9:15PM
","Location:N/AatLoop Campus
"
,MGT 500,Winter 2015-2016,"Section:201
","Section:201
","Meeting time:W6:00PM-9:15PM
","Location:N/AatLoop Campus
"
,MGT 500,Winter 2015-2016,"Section:201
","Section:201
","Meeting time:W6:00PM-9:15PM
","Location:N/AatLoop Campus
"
,MGT 500,Winter 2015-2016,"Section:201
","Section:201
","Meeting time:W6:00PM-9:15PM
","Location:N/AatLoop Campus
"
,MGT 500,Winter 2015-2016,"Section:201
","Section:201
","Meeting time:W6:00PM-9:15PM
","Location:N/AatLoop Campus
"
,MGT 500,Winter 2015-2016,"Section:201
","Section:201
","Meeting time:W6:00PM-9:15PM
","Location:N/AatLoop Campus
"
,MGT 500,Winter 2015-2016,"Section:201
","Section:201
","Meeting time:W6:00PM-9:15PM
","Location:N/AatLoop Campus
"
,MGT 500,Winter 2015-2016,"Section:201
","Section:201
","Meeting time:W6:00PM-9:15PM
","Location:N/AatLoop Campus
"
,MGT 500,Winter 2015-2016,"Section:201
","Section:201
","Meeting time:W6:00PM-9:15PM
","Location:N/AatLoop Campus
"
,MGT 500,Winter 2015-2016,"Section:201
","Section:201
","Meeting time:W6:00PM-9:15PM
","Location:N/AatLoop Campus
"
,MGT 500,Winter 2015-2016,"Section:201
","Section:201
","Meeting time:W6:00PM-9:15PM
","Location:N/AatLoop Campus
"
,MGT 500,Winter 2015-2016,"Section:201
","Section:201
","Meeting time:W6:00PM-9:15PM
","Location:N/AatLoop Campus
"
,MGT 500,Winter 2015-2016,"Section:201
","Section:201
","Meeting time:W6:00PM-9:15PM
","Location:N/AatLoop Campus
"
,MGT 500,Winter 2015-2016,"Section:201
","Section:201
","Meeting time:W6:00PM-9:15PM
","Location:N/AatLoop Campus
"
,MGT 500,Winter 2015-2016,"Section:201
","Section:201
","Meeting time:W6:00PM-9:15PM
","Location:N/AatLoop Campus
"
,MGT 500,Winter 2015-2016,"Section:201
","Section:201
","Meeting time:W6:00PM-9:15PM
","Location:N/AatLoop Campus
"
,MGT 500,Winter 2015-2016,"Section:201
","Section:201
","Meeting time:W6:00PM-9:15PM
","Location:N/AatLoop Campus
"
,MGT 500,Winter 2015-2016,"Section:201
","Section:201
","Meeting time:W6:00PM-9:15PM
","Location:N/AatLoop Campus
"
,MGT 500,Winter 2015-2016,"Section:201
","Section:201
","Meeting time:W6:00PM-9:15PM
","Location:N/AatLoop Campus
"
,MGT 500,Winter 2015-2016,"Section:201
","Section:201
","Meeting time:W6:00PM-9:15PM
","Location:N/AatLoop Campus
"
,MGT 500,Winter 2015-2016,"Section:201
","Section:201
","Meeting time:W6:00PM-9:15PM
","Location:N/AatLoop Campus
"
,MGT 500,Winter 2015-2016,"Section:201
","Section:201
","Meeting time:W6:00PM-9:15PM
","Location:N/AatLoop Campus
"
,MGT 500,Winter 2015-2016,"Section:201
","Section:201
","Meeting time:W6:00PM-9:15PM
","Location:N/AatLoop Campus
"
,MGT 500,Winter 2015-2016,"Section:201
","Section:201
","Meeting time:W6:00PM-9:15PM
","Location:N/AatLoop Campus
"
,MGT 500,Winter 2015-2016,"Section:201
","Section:201
","Meeting time:W6:00PM-9:15PM
","Location:N/AatLoop Campus
"
,MGT 573,Winter 2015-2016,"Section:241
","Section:241
","Meeting time:Th5:45PM-9:00PM
","Location:DPAUL 07301atLoop Campus
"
,MGT 573,Winter 2015-2016,"Section:241
","Section:241
","Meeting time:Th5:45PM-9:00PM
","Location:DPAUL 07301atLoop Campus
"
,MGT 573,Winter 2015-2016,"Section:241
","Section:241
","Meeting time:Th5:45PM-9:00PM
","Location:DPAUL 07301atLoop Campus
"
,MGT 573,Winter 2015-2016,"Section:241
","Section:241
","Meeting time:Th5:45PM-9:00PM
","Location:DPAUL 07301atLoop Campus
"
,MGT 573,Winter 2015-2016,"Section:241
","Section:241
","Meeting time:Th5:45PM-9:00PM
","Location:DPAUL 07301atLoop Campus
"
,MGT 573,Winter 2015-2016,"Section:241
","Section:241
","Meeting time:Th5:45PM-9:00PM
","Location:DPAUL 07301atLoop Campus
"
,MGT 573,Winter 2015-2016,"Section:241
","Section:241
","Meeting time:Th5:45PM-9:00PM
","Location:DPAUL 07301atLoop Campus
"
,MGT 573,Winter 2015-2016,"Section:241
","Section:241
","Meeting time:Th5:45PM-9:00PM
","Location:DPAUL 07301atLoop Campus
"
,MGT 573,Winter 2015-2016,"Section:241
","Section:241
","Meeting time:Th5:45PM-9:00PM
","Location:DPAUL 07301atLoop Campus
"
,MGT 573,Winter 2015-2016,"Section:241
","Section:241
","Meeting time:Th5:45PM-9:00PM
","Location:DPAUL 07301atLoop Campus
"
,MGT 573,Winter 2015-2016,"Section:241
","Section:241
","Meeting time:Th5:45PM-9:00PM
","Location:DPAUL 07301atLoop Campus
"
,MGT 573,Winter 2015-2016,"Section:241
","Section:241
","Meeting time:Th5:45PM-9:00PM
","Location:DPAUL 07301atLoop Campus
"
,MGT 573,Winter 2015-2016,"Section:241
","Section:241
","Meeting time:Th5:45PM-9:00PM
","Location:DPAUL 07301atLoop Campus
"
,MGT 573,Winter 2015-2016,"Section:241
","Section:241
","Meeting time:Th5:45PM-9:00PM
","Location:DPAUL 07301atLoop Campus
"
,MGT 573,Winter 2015-2016,"Section:241
","Section:241
","Meeting time:Th5:45PM-9:00PM
","Location:DPAUL 07301atLoop Campus
"
,MGT 573,Winter 2015-2016,"Section:241
","Section:241
","Meeting time:Th5:45PM-9:00PM
","Location:DPAUL 07301atLoop Campus
"
,MGT 573,Winter 2015-2016,"Section:241
","Section:241
","Meeting time:Th5:45PM-9:00PM
","Location:DPAUL 07301atLoop Campus
"
,MGT 573,Winter 2015-2016,"Section:241
","Section:241
","Meeting time:Th5:45PM-9:00PM
","Location:DPAUL 07301atLoop Campus
"
,PM 577,Spring 2014-2015,"Section:901
","Section:901
","Meeting time:W5:45PM-9:00PM
","Location:CDM 00224atLoop Campus
"
,PM 577,Spring 2014-2015,"Section:901
","Section:901
","Meeting time:W5:45PM-9:00PM
","Location:CDM 00224atLoop Campus
"
,PM 577,Spring 2014-2015,"Section:901
","Section:901
","Meeting time:W5:45PM-9:00PM
","Location:CDM 00224atLoop Campus
"
,PM 577,Spring 2014-2015,"Section:901
","Section:901
","Meeting time:W5:45PM-9:00PM
","Location:CDM 00224atLoop Campus
"
,PM 577,Spring 2014-2015,"Section:901
","Section:901
","Meeting time:W5:45PM-9:00PM
","Location:CDM 00224atLoop Campus
"
,PM 577,Spring 2014-2015,"Section:901
","Section:901
","Meeting time:W5:45PM-9:00PM
","Location:CDM 00224atLoop Campus
"
,PM 577,Spring 2014-2015,"Section:901
","Section:901
","Meeting time:W5:45PM-9:00PM
","Location:CDM 00224atLoop Campus
"
,PM 577,Spring 2014-2015,"Section:901
","Section:901
","Meeting time:W5:45PM-9:00PM
","Location:CDM 00224atLoop Campus
"
,PM 577,Spring 2014-2015,"Section:901
","Section:901
","Meeting time:W5:45PM-9:00PM
","Location:CDM 00224atLoop Campus
"
,PM 577,Spring 2014-2015,"Section:901
","Section:901
","Meeting time:W5:45PM-9:00PM
","Location:CDM 00224atLoop Campus
"
,PM 577,Spring 2014-2015,"Section:901
","Section:901
","Meeting time:W5:45PM-9:00PM
","Location:CDM 00224atLoop Campus
"
,PM 577,Spring 2014-2015,"Section:901
","Section:901
","Meeting time:W5:45PM-9:00PM
","Location:CDM 00224atLoop Campus
"
,ECT 589,Fall 2015-2016,"Section:701
","Section:701
","Meeting time:M5:45PM-9:00PM
","Location:LEWIS 01514atLoop Campus
"
,ECT 589,Fall 2015-2016,"Section:701
","Section:701
","Meeting time:M5:45PM-9:00PM
","Location:LEWIS 01514atLoop Campus
"
,ECT 589,Fall 2015-2016,"Section:701
","Section:701
","Meeting time:M5:45PM-9:00PM
","Location:LEWIS 01514atLoop Campus
"
,ECT 589,Fall 2015-2016,"Section:701
","Section:701
","Meeting time:M5:45PM-9:00PM
","Location:LEWIS 01514atLoop Campus
"
,ECT 589,Fall 2015-2016,"Section:701
","Section:701
","Meeting time:M5:45PM-9:00PM
","Location:LEWIS 01514atLoop Campus
"
,ECT 589,Fall 2015-2016,"Section:701
","Section:701
","Meeting time:M5:45PM-9:00PM
","Location:LEWIS 01514atLoop Campus
"
,ECT 589,Fall 2015-2016,"Section:701
","Section:701
","Meeting time:M5:45PM-9:00PM
","Location:LEWIS 01514atLoop Campus
"
,ECT 589,Fall 2015-2016,"Section:701
","Section:701
","Meeting time:M5:45PM-9:00PM
","Location:LEWIS 01514atLoop Campus
"
,ECT 589,Fall 2015-2016,"Section:701
","Section:701
","Meeting time:M5:45PM-9:00PM
","Location:LEWIS 01514atLoop Campus
"
,ECT 589,Fall 2015-2016,"Section:701
","Section:701
","Meeting time:M5:45PM-9:00PM
","Location:LEWIS 01514atLoop Campus
"
,ECT 589,Fall 2015-2016,"Section:701
","Section:701
","Meeting time:M5:45PM-9:00PM
","Location:LEWIS 01514atLoop Campus
"
,ECT 589,Fall 2015-2016,"Section:701
","Section:701
","Meeting time:M5:45PM-9:00PM
","Location:LEWIS 01514atLoop Campus
"
,"IS 577
",Winter 2015-2016,"Section:801
","Section:801
","Meeting time:Tu5:45PM-9:00PM
","Location:LEWIS 01111atLoop Campus
"
,"IS 577
",Winter 2015-2016,"Section:801
","Section:801
","Meeting time:Tu5:45PM-9:00PM
","Location:LEWIS 01111atLoop Campus
"
,"IS 577
",Winter 2015-2016,"Section:801
","Section:801
","Meeting time:Tu5:45PM-9:00PM
","Location:LEWIS 01111atLoop Campus
"
,"IS 577
",Winter 2015-2016,"Section:801
","Section:801
","Meeting time:Tu5:45PM-9:00PM
","Location:LEWIS 01111atLoop Campus
"
,"IS 577
",Winter 2015-2016,"Section:801
","Section:801
","Meeting time:Tu5:45PM-9:00PM
","Location:LEWIS 01111atLoop Campus
"
,"IS 577
",Winter 2015-2016,"Section:801
","Section:801
","Meeting time:Tu5:45PM-9:00PM
","Location:LEWIS 01111atLoop Campus
"
,"IS 577
",Winter 2015-2016,"Section:801
","Section:801
","Meeting time:Tu5:45PM-9:00PM
","Location:LEWIS 01111atLoop Campus
"
,"IS 577
",Winter 2015-2016,"Section:801
","Section:801
","Meeting time:Tu5:45PM-9:00PM
","Location:LEWIS 01111atLoop Campus
"
,"IS 577
",Winter 2015-2016,"Section:801
","Section:801
","Meeting time:Tu5:45PM-9:00PM
","Location:LEWIS 01111atLoop Campus
"
,"IS 577
",Winter 2015-2016,"Section:801
","Section:801
","Meeting time:Tu5:45PM-9:00PM
","Location:LEWIS 01111atLoop Campus
"
,"IS 577
",Winter 2015-2016,"Section:801
","Section:801
","Meeting time:Tu5:45PM-9:00PM
","Location:LEWIS 01111atLoop Campus
"
,"IS 577
",Winter 2015-2016,"Section:801
","Section:801
","Meeting time:Tu5:45PM-9:00PM
","Location:LEWIS 01111atLoop Campus
"
,"IS 577
",Winter 2015-2016,"Section:801
","Section:801
","Meeting time:Tu5:45PM-9:00PM
","Location:LEWIS 01111atLoop Campus
"
,"IS 577
",Winter 2015-2016,"Section:801
","Section:801
","Meeting time:Tu5:45PM-9:00PM
","Location:LEWIS 01111atLoop Campus
"
,"IS 577
",Winter 2015-2016,"Section:801
","Section:801
","Meeting time:Tu5:45PM-9:00PM
","Location:LEWIS 01111atLoop Campus
"
,"IS 577
",Winter 2015-2016,"Section:801
","Section:801
","Meeting time:Tu5:45PM-9:00PM
","Location:LEWIS 01111atLoop Campus
"
,"IS 577
",Winter 2015-2016,"Section:801
","Section:801
","Meeting time:Tu5:45PM-9:00PM
","Location:LEWIS 01111atLoop Campus
"
,"IS 577
",Winter 2015-2016,"Section:801
","Section:801
","Meeting time:Tu5:45PM-9:00PM
","Location:LEWIS 01111atLoop Campus
"
,"IS 577
",Winter 2015-2016,"Section:801
","Section:801
","Meeting time:Tu5:45PM-9:00PM
","Location:LEWIS 01111atLoop Campus
"
,"IS 577
",Winter 2015-2016,"Section:801
","Section:801
","Meeting time:Tu5:45PM-9:00PM
","Location:LEWIS 01111atLoop Campus
"
,"IS 577
",Winter 2015-2016,"Section:801
","Section:801
","Meeting time:Tu5:45PM-9:00PM
","Location:LEWIS 01111atLoop Campus
"
,"IS 577
",Winter 2015-2016,"Section:801
","Section:801
","Meeting time:Tu5:45PM-9:00PM
","Location:LEWIS 01111atLoop Campus
"
